{"cameraMode":{"drawMode":0,"name":"Shaded","section":"Shading Mode"},"sceneLighting":false,"audioPlay":false,"sceneViewState":{"m_AlwaysRefresh":false,"showFog":true,"showSkybox":false,"showFlares":true,"showImageEffects":true,"showParticleSystems":true,"showVisualEffectGraphs":true,"m_FxEnabled":true},"in2DMode":false,"pivot":{"x":-1.7190001010894776,"y":0.5649999380111694,"z":1.1299999952316285},"rotation":{"x":-0.5782067179679871,"y":0.002913213102146983,"z":-0.002103742677718401,"w":-0.8159411549568176},"size":1.3511124849319459,"orthographic":false}